pro-trump,pro-harris,trump-lies,anti-dem,pro-vote,covid-stats,gaga-vote-biden,foreign-affairs,blacklivesmatter,polling_voter-supression,trump-covid-rally-mi-wi,"pro-trump, race",general-election,wear-masks,vote-biden
vote,kamalaharris,trump,barackobama,voting,war,ladygaga,china,trumpsupporter,voter,rally,black,electionday,covid,votejoebiden
ballot,wise,lie,steal,wise,death,artist,evidence,racist,poll,maga,racist,question,mask,change
votedonaldtrump,cover,plan,cnn,cover,world,music,breaking,blacklivesmatter,close,michigan,white,national,anthonyfauci,woman
cast,foreign,believe,pointer,foreign,foreign,campaign,payment,hate,lead,campaign,care,pretty,pandemic,government
party,farm,tax,speech,friend,coviddeaths,legend,swindling,video,suppression,hold,woman,currently,wearing,fame
democracy,social,whitehouse,sweet,party,losing,celebrity,money,gun,winning,victory,community,scale,photo,famous
friend,troll,life,hammer,ballot,exceed,video,communist,flag,ballot,watching,votedonaldtrump,call,response,help
voice,boost,doesnt,crowd,bidenharris,badly,fan,russia,police,fraud,supporter,water,fact,case,congratulation
mail,vicepresident,fact,msnbc,line,civil,sing,xi,friend,number,crowd,forgive,attorneygeneral,fire,brave
govote,legend,hate,bush,favorite,covid,queen,mob,crazy,landslide,moment,bill,corruption,virus,red
counting,elect,god,economy,choice,start,oh,tax,stay,hillaryclinton,host,child,nation,plane,force
voteblue,campaign,care,miss,mail,study,famous,virus,truck,campaign,trumprally,crime,outcome,trumprally,sex
enough,candidate,money,hillaryclinton,block,wise,favorite,hunterbiden,boarding,race,superspreader,aint,illicit,wear,mirage
nation,blue,end,fire,govote,cover,brave,corrupt,violence,polling,political,politician,enrichment,report,wi
victory,bidenharris,help,administration,celebrity,linked,fame,sold,cop,turnout,study,life,campaign,dead,mailinballot
line,ticket,pay,speaking,artist,peace,congratulation,nuclear,stupid,victory,bus,cage,lie,die,drop
electoralcollege,together,truth,listening,caravan,trumprally,maybe,blame,car,ahead,senior,locked,debt,death,life
life,wish,world,change,since,case,wait,missile,block,swing,event,color,result,economy,save
future,nancypelosi,tweet,size,registered,militia,excited,world,riot,call,deputy,folk,far,lockdown,reduce
steal,choose,hell,cut,cause,trade,lady,party,bus,intimidation,bidensupporter,skin,eve,mandate,mind
bidenharris,home,oh,anthonyfauci,parent,politician,little,pay,dumb,electoralcollege,hat,prolife,abc,vaccine,party
candidate,united,word,away,criminal,skin,born,bank,white,shy,caught,racism,ballot,without,call
clear,communism,away,tour,votedonaldtrump,cage,event,control,either,blue,death,goon,ahead,plan,enough
stand,berniesanders,twitter,superspreader,candidate,prolife,monster,economy,group,leading,flag,clear,lead,spread,worry
save,join,real,running,arent,goon,perform,deal,caravan,flood,beating,militia,answer,life,baby
important,future,child,former_president,majority,color,amazing,since,getting,lawyer,tape,police,former,control,text
single,vow,enough,birthdayparty,ill,locked,speak,lost,safe,margin,cold,voter,mail,week,stake
blue,opportunity,virus,speak,either,clear,story,freedom,sign,detestable,case,whitesupremacy,trillion,votedonaldtrump,follower
away,ballot,TRUE,watching,postoffice,responsible,female,trade,violent,sovereign,car,blacklivesmatter,hour,due,corrupt
suppress,rid,party,laugh,invalidatevotes,rest,care,business,road,eye,red,choose,cnn,superspreader,urgent