joebiden,kamalaharris,anti-dem,pro-voting/blue,covid,campaign rallying during covid,anti-trump supporters
vote,kamalaharris,barackobama,voting,year,rally,trumpsupporter
votejoebiden,wise,campaign,wise,covid,hold,lady
electionday,cover,speech,cover,trump,michigan,votejoebiden
popular,votejoebiden,steal,foreign,death,covid,racist
voter,foreign,hillaryclinton,voter,plan,death,video
electoral,bidenharris,pointer,poll,china,campaign,woman
party,vicepresident,hammer,bidenharris,world,study,campaign
votedonaldtrump,blue,sweet,party,family,watching,black
ballot,change,added,voteblue,lie,crowd,white
poll,legend,bush,friend,tax,trump,blacklivesmatter