topic-1,topic-2,topic-3,topic-4,topic-5,topic-6,topic-7,topic-8,topic-9,topic-10,topic-11,topic-12
vote,win,kamalaharris,realdonaldtrump,barackobama,voting,rally,year,trumpsupporter,lady,covid,love
bidenharris,hope,terrible,supporter,steal,republican,maga,four,racist,campaign,trump,hope
friend,poll,vicepresident,whitehouse,speech,terrible,hold,ago,blacklivesmatter,job,death,hate
popular,foxnews,bidenharris,lie,campaign,poll,michigan,old,video,electionday,democrat,god
electionday,bisexual,blue,brazil,hillaryclinton,wise,watching,office,hate,woman,plan,bidenharris
electoral,blacklivesmatter,wise,mikepence,pointer,bidenharris,case,past,white,legend,voter,woman
party,landslide,cover,votedonaldtrump,hammer,cover,crowd,job,black,change,campaign,law
ballot,popular,hope,godbless,sweet,voteblue,death,give,gun,video,china,drain
change,anarchist,legend,dead,added,voter,study,tax,feel,brave,republican,enthusiasm
republican,baby,elect,tweet,bush,party,covid,history,police,famous,war,swamp
cast,suburb,farm,god,crowd,foreign,supporter,michigan,flag,fame,lie,relief
black,electoralcollege,foreign,erictrump,economy,ballot,victory,two,stupid,congratulation,world,respect
democracy,lose,boost,trump,miss,friend,cold,debt,literally,government,family,family
woman,mean,change,case,news,family,host,least,block,artist,care,heart
voter,homosexual,best,job,birthday,block,hat,change,friend,fan,electionday,life
life,god,troll,ivankatrump,running,democrat,event,growth,riot,music,believe,guy
electoralcollege,change,social,tax,administration,racist,moment,yet,caravan,old,life,best
poll,traditional,electionday,prison,former,mail,hour,politics,crazy,immediately,hope,video
enough,burn,play,red,fire,caravan,chant,worst,boarding,story,tax,stand
save,dream,ticket,maga,speaking,conservative,eve,long,cop,favorite,lose,sending
